id_servicio,descripcion,tipo,precioUnitario,cantidad,totalServicio
51,ensamble vestido,860.000000,25,2,0.000000
54,boton camisa,145.000000,120,2,0.000000
60,cambio boton,70.000000,10,2,0.000000
63,boton camisa,145.000000,120,2,0.000000
72,boton camisa,145.000000,60,2,0.000000
73,cambio boton,70.000000,25,2,0.000000
74,ensamble vestido,860.000000,15,2,0.000000
